{
  "name": "hud-combate-t20",
  "title": "HUD Combate T20",
  "description": "Adiciona uma barra de ações rápidas personalizável para personagens no sistema Tormenta20.",
  "version": "1.0.0",
  "author": "Seu Nome",
  "minimumCoreVersion": "10",
  "compatibleCoreVersion": "11",
  "systems": ["tormenta20"],
  "scripts": ["scripts/main.js"],
  "styles": ["styles/style.css"],
  "languages": [
    {
      "lang": "pt-BR",
      "name": "Português (Brasil)",
      "path": "lang/pt-BR.json"
    }
  ],
  "url": "https://github.com/seu-usuario/hud-combate-t20",
  "manifest": "https://seu-servidor.com/hud-combate-t20/module.json",
  "download": "https://seu-servidor.com/hud-combate-t20.zip"
}